Nom,Prix,CatÃ©gorie,Localisation
cafÃ©tÃ©ria,70DT,"Magasins, Commerces et Locaux industriels","Ariana, 10 minutes ago"
Appartement S1 luxueux meublÃ© pour vos vacances courte durÃ©e,80DT,Locations de vacances,"Tunis, 11 minutes ago"
studio,Non spÃ©cifiÃ©,Appartements,"Tunis, 13 minutes ago"
ğŸ‘‰opportunitÃ© a EL AGba-Manouba (365mÂ²),330000000DT,Terrains et Fermes,"La Manouba, 15 minutes ago"
Ù„Ù„Ø¨ÙŠØ¹ 1400 Ù‡ÙƒØªØ§Ø±,Non spÃ©cifiÃ©,Terrains et Fermes,"Gafsa, 15 minutes ago"
ÙˆØ³ÙŠØ· Ø¹Ù‚Ø§Ø±ÙŠ,Non spÃ©cifiÃ©,Maisons et Villas,"Tunis, 16 minutes ago"
a vendre appartement s+2 RDC Ã  jinen mansoura kÃ©libia,245000DT,Appartements,"Nabeul, 16 minutes ago"
A louer un appartement meublÃ© Ã  la marsa,3000DT,Appartements,"Tunis, 18 minutes ago"
ğŸ‘‰  Quadriplex inachevÃ© au Mnihla superieure,225000000DT,Maisons et Villas,"Ariana, 19 minutes ago"
Centre EsthÃ©tique Ennasr 2,2100DT,"Magasins, Commerces et Locaux industriels","Ariana, 19 minutes ago"
Centre EsthÃ©tique Ennasr 1,2000DT,"Magasins, Commerces et Locaux industriels","Ariana, 20 minutes ago"
Bureau 1 piÃ¨ce meublÃ© Menzah 5,600DT,Bureaux et Plateaux,"Ariana, 21 minutes ago"
Bureau Centre Galaxy Lafayette,450DT,Bureaux et Plateaux,"Tunis, 21 minutes ago"
ğŸ“ Ã€ Louer : Appartement MeublÃ© Ã  Hammam Sousse â€“ Proche HÃ´tel ClÃ©opÃ¢tre,540DT,Appartements,"Sousse, 22 minutes ago"
Bureau TitrÃ© PrÃ©s Banque Centrale,220000DT,Bureaux et Plateaux,"Tunis, 22 minutes ago"
Local Commercial Menzah 5,2200DT,"Magasins, Commerces et Locaux industriels","Ariana, 23 minutes ago"
Parapharmacie KÃ©libia,123456792DT,"Magasins, Commerces et Locaux industriels","Nabeul, 24 minutes ago"
S+2 Ennasr avec parking en sous-sol,1350DT,Appartements,"Ariana, 24 minutes ago"
DÃ©pÃ´t 150 mÂ² CitÃ© La Gazelle,800DT,"Magasins, Commerces et Locaux industriels","Ariana, 25 minutes ago"
Belle villa Menzah 5,2900DT,Maisons et Villas,"Ariana, 26 minutes ago"
Bureau Menzah 5,450DT,Bureaux et Plateaux,"Ariana, 28 minutes ago"
Terrain Ã  Ariana (344 MÂ²),128000000DT,Terrains et Fermes,"Ariana, 29 minutes ago"
Terrain a vendre,Non spÃ©cifiÃ©,Terrains et Fermes,"Bizerte, 30 minutes ago"
Appartement S+3 situÃ© au quatriÃ¨meÂ Ã©tage,115000DT,Appartements,"Sousse, 33 minutes ago"
appartement s+1 Ã  vendre,235000DT,Appartements,"Nabeul, 33 minutes ago"
"appartement haut standing a el mourouj 6
opportunitÃ© Ã  saisir avec des prix trÃ¨s intÃ©ressants.",230000DT,Appartements,"Ben Arous, 36 minutes ago"
Terrain a vendre borj louzir,270600DT,Terrains et Fermes,"Ariana, 43 minutes ago"
vente s+2 Diar Ben Mahmoud Agba,120000DT,Appartements,"Tunis, an hour ago"
Appartement S1 luxueux meublÃ© pour vos vacances courte durÃ©e,80DT,Locations de vacances,"Tunis, an hour ago"
Appartement Ã€ vendre,160DT,Appartements,"Ben Arous, an hour ago"
A louer un Grand Studio meublÃ© Ã  Riadh el Andalous,1000DT,Appartements,"Ariana, an hour ago"
ğ€Ì€ ğ¯ğğ§ğğ«ğ ğ®ğ§ ğšğ©ğ©ğšğ«ğ­ğğ¦ğğ§ğ­ ğ’+ğŸ ğğ¢ğ«ğğœğ­ ğ©ğ«ğ¨ğ¦ğ¨ğ­ğğ®ğ« ğšÌ€ ğŒğ«ğğ³ğ ğš,273000DT,Appartements,"Nabeul, an hour ago"
Ù…Ù†Ø²Ù„ Ù…Ø¤Ø«Ø« ØŒ ÙŠØ¨Ø¹Ø¯ 1  Ø¯Ù‚ÙŠÙ‚Ø© Ù…Ø´ÙŠ Ø¹Ù† Ø§Ù„Ø¨Ø­Ø± ØŒ ÙÙŠ Ù…Ø¹ØªÙ…Ø¯ÙŠØ© Ù‚ØµÙˆØ± Ø§Ù„Ø³Ø§Ù ÙÙŠ ÙˆÙ„Ø§ÙŠØ© Ø§Ù„Ù…Ù‡Ø¯ÙŠØ©,60DT,Locations de vacances,"Mahdia, an hour ago"
ÙƒØ±Ø§Ø¡ Ø³ØªÙˆØ¯ÙŠÙˆ Ù…ÙØ±ÙˆØ´ Ø·Ø±Ø§Ø² Ø±ÙÙŠØ¹ ØµÙØ§Ù‚Ø³ Ø§Ù„Ù…Ø¯ÙŠÙ†Ø©,80DT,Appartements,"Sfax, an hour ago"
Terrain Ã  Hammamet avec facilitÃ© de paiement sur 2ans 27246313,Non spÃ©cifiÃ©,Terrains et Fermes,"Nabeul, 2 hours ago"
Ã€ vendre terrain 707mÂ² Ã  Route Manzel Chaker km 6,125000DT,Terrains et Fermes,"Sfax, 2 hours ago"
Terrain Ã  vendre 824mÂ² Ã  Route el Ain km 6.5 Ø²Ù†Ù‚Ø© Ø§Ù„ÙƒØ­Ù„Ø§Ø¡,305000DT,Terrains et Fermes,"Sfax, 2 hours ago"
Terrain d'exception Ã  vendre 6736mÂ² Ã  Route Manzel chaker km 8 Ã  300m de la route principale,710000DT,Terrains et Fermes,"Sfax, 2 hours ago"
Triplex en vente,315000DT,Maisons et Villas,"Mahdia, 2 hours ago"
"Terrain Ã  vendre 1852mÂ² R+4 Ã  tebolbi km 8, directement sur la route principale",880000DT,Terrains et Fermes,"Sfax, 2 hours ago"
"Terrain Ã  vendre 5341mÂ²  Titre foncier Ã  Route Matar km 7,Ã  droite Ø²Ù†Ù‚Ø© Ø§Ø¨Ù† Ø¬Ø²Ø§Ø±",220000DT,Terrains et Fermes,"Sfax, 2 hours ago"
"Ã  vendre terrain 961mÂ² R+2 avec une ancienne maison Ã  Bouzayen, Av Mohamed jmal , En face Gourmandise",750000DT,Terrains et Fermes,"Sfax, 2 hours ago"
S+2 Ã  El Omrane avec grande terrasse,750DT,Appartements,"Tunis, 2 hours ago"
Appartement S+2 LUMINEUX Ã  louer- La Soukra,1100DT,Appartements,"Ariana, 2 hours ago"
studio meublÃ© par nuitÃ©e a l'aouina,70DT,Appartements,"Tunis, 2 hours ago"
Terrain 170 mÂ² Ã  Mornag,130000DT,Terrains et Fermes,"Ben Arous, 2 hours ago"
Terrain 225 mÂ² Ã  boumhel bassatine,110000DT,Terrains et Fermes,"Ben Arous, 2 hours ago"
Lot de terrain 446 mÂ² Ã  Sabelet ben ammar,350DT,Terrains et Fermes,"Ariana, 2 hours ago"
S+3 a boumhal,930DT,Appartements,"Ben Arous, 2 hours ago"
Un terrain de 182 mÂ² Ã  boumhel bassatine,87000DT,Terrains et Fermes,"Ben Arous, 2 hours ago"
Terrain Ã  hammam lif pour promotion immobiliÃ¨re vue sur mer,1200000DT,Terrains et Fermes,"Ben Arous, 2 hours ago"
Un Ã©tage S+3 et un local commercial de 160mÂ²,250000DT,Maisons et Villas,"Mahdia, 2 hours ago"
Appartement S1 luxueux meublÃ© pour vos vacances courte durÃ©e,80DT,Locations de vacances,"Tunis, 2 hours ago"
colocation pour Ã©tranger,500DT,Colocations,"Tunis, 2 hours ago"
A vendre appartement S+3 dans une rÃ©sidence avec piscine,360000DT,Appartements,"Sousse, 2 hours ago"
S+2 en Vente Ã  Ennasr 2,295000DT,Appartements,"Ariana, 3 hours ago"
Av Terrain Ã  Djerba El Hachane Avec Titre foncier individuel,250000DT,Terrains et Fermes,"MÃ©denine, 3 hours ago"
Appartement S2 Ã  louer,450DT,Appartements,"Sousse, 3 hours ago"
Triplex S4 Ã  La Marsa,2800DT,Maisons et Villas,"Tunis, 3 hours ago"
A vendre un appartement S2 MeublÃ© avec Parking Ã  Sahloul Ghrabi,210000DT,Appartements,"Sousse, 3 hours ago"
Deux garages Ã  louer Ã  citÃ© bokri ariana,Non spÃ©cifiÃ©,Bureaux et Plateaux,"Ariana, 3 hours ago"
"Ã€ vendre Parking Manar 1
23617073",23000000DT,Autres Immobiliers,"Tunis, 3 hours ago"
S+3 en vente Ã  Ennasr 2,400000DT,Appartements,"Ariana, 3 hours ago"
Ã€ Vendre : Fond de Commerce au Centre-Ville de Monastir,105000DT,Autres Immobiliers,"Monastir, 3 hours ago"
Ã€ Vendre : Maison IndÃ©pendante Neuve Ã  Jammel,100000DT,Maisons et Villas,"Monastir, 3 hours ago"
Ã  louer s1 meublÃ©  â€“ Confort et simplicitÃ© Ã  Sahloul,750DT,Appartements,"Sousse, 3 hours ago"
LOCAL COMMERCIAL Ã€ MONASTIR - CITÃ‰ EL AGBA,250000DT,Bureaux et Plateaux,"Monastir, 3 hours ago"
A vendre appartement S+2 Ã  Tantana,460000DT,Appartements,"Sousse, 3 hours ago"
appartement S3 Marsa plage,3000DT,Appartements,"Tunis, 4 hours ago"
appartement S3 rdc Ã  Ain Zaghouan ( la nouvelle Soukra),450000DT,Appartements,"Tunis, 4 hours ago"
terrain 544m2 fait le coin.on 3 voies commercial madina jadida 3 tel 54417384,900DT,Terrains et Fermes,"Ben Arous, 4 hours ago"
"Maison a vendre, deux etages R+1, Ã  Ariana",399000DT,Maisons et Villas,"Ariana, 4 hours ago"
Terain plage mahdia,75DT,Terrains et Fermes,"Mahdia, 4 hours ago"
maison a nabeul,300000DT,Maisons et Villas,"Nabeul, 4 hours ago"
collocation S+3,150DT,Appartements,"Ben Arous, 4 hours ago"
A vendre boutique centre X El menzah 9A,45000DT,"Magasins, Commerces et Locaux industriels","Tunis, 4 hours ago"
Location,750DT,Appartements,"Bizerte, 5 hours ago"
Reste que 2 lots a l otissement constructible Ã  beni atta,45000DT,Terrains et Fermes,"Bizerte, 5 hours ago"
Ariana Ã  louer Studio  dans une villa retaper Ã  neuf pour une ou deux filles tel:wattsapp 98 208 586,350DT,Maisons et Villas,"Ariana, 5 hours ago"
appartement meublÃ© Ã  louer par jour Ã  bardo,70DT,Locations de vacances,"Tunis, 5 hours ago"
ğŸ¡ Superbe Appartement Neuf HS S+2 avec Terrasse | 1er Ã‰tage | Mourouj 6,1200DT,Appartements,"Ben Arous, 5 hours ago"
1100,1100DT,Appartements,"Tunis, 5 hours ago"
studio s +1 au rez de chaussÃ©e a louer situÃ© a khezema ouest sousse a partir du 1 avril 2025,550DT,Maisons et Villas,"Sousse, 5 hours ago"
Ù…Ù†Ø²Ù„ Ù„Ù„ÙƒØ±Ø§Ø¡,123DT,Appartements,"Sousse, 5 hours ago"
Terain agricol 1 hektar a beni atta 80 md,80000DT,Terrains et Fermes,"Bizerte, 5 hours ago"
Ø¯Ø¨Ùˆ Ù„Ù„Ø¨ÙŠØ¹ ÙÙŠ Ø±ÙˆØ§Ø¯,155DT,Terrains et Fermes,"Ariana, 5 hours ago"
Terrain El Agba,100DT,Terrains et Fermes,"La Manouba, 5 hours ago"
maison,1050DT,Maisons et Villas,"Ariana, 5 hours ago"
"Atelier a louer , d'environ 800 mÃ¨tres carrÃ©s couvert adaptÃ© Ã  de nombreuses activitÃ©s industrielles",3000DT,"Magasins, Commerces et Locaux industriels","Sousse, 5 hours ago"
Ã  louer un appartement Ã  5minutes de Carrefour la marsa tÃ©lÃ©phone propriÃ©taire direct 27084 104,830DT,Appartements,"Tunis, 5 hours ago"
maison en bonne etat,Non spÃ©cifiÃ©,Maisons et Villas,"La Manouba, 5 hours ago"
A louer,1300DT,Appartements,"Tunis, 5 hours ago"
Ø³ØªÙˆØ¯ÙŠÙˆ Ù„Ù„ÙƒØ±Ø§Ø¡ Ø­ÙŠ Ø§Ù„Ø¨Ø§Ù‡ÙŠ Ù„Ø¯ØºÙ…,Non spÃ©cifiÃ©,Maisons et Villas,"Ariana, 6 hours ago"
villa Ã  vendre  Ã  manouba  centre,Non spÃ©cifiÃ©,Maisons et Villas,"La Manouba, 6 hours ago"
Ø¨ÙŠØ¹ 8 Ù‡ÙƒØªØ§Ø±Ø§Øª ÙÙŠ Ø¬Ù†ÙˆØ¨ Ù‚Ø§Ø¨Ø³,Non spÃ©cifiÃ©,Terrains et Fermes,"GabÃ¨s, 6 hours ago"
vente / agense s'abstenir,330DT,Appartements,"Ariana, 6 hours ago"
studio au centre ville,450DT,Appartements,"Tunis, 6 hours ago"
S+2+salle de soins Ø¯Ø§Ø± Ø§Ù„Ø¥Ø³ØªØ´ÙØ§Ø¡,900DT,Appartements,"Sfax, 6 hours ago"
"Ã€ LOUER â€“ Local Commercial Ã  Borj Louzir, Ariana",Non spÃ©cifiÃ©,"Magasins, Commerces et Locaux industriels","Ariana, 6 hours ago"
Appartement S2,850DT,Appartements,"Ben Arous, 6 hours ago"
Appratement s+2,650DT,Appartements,"Bizerte, 6 hours ago"
S+2 Ã  louer (climatisÃ©),Non spÃ©cifiÃ©,Maisons et Villas,"Sfax, 6 hours ago"
S+2 en location,2500DT,Appartements,"Sousse, 6 hours ago"
Location dÃ©pÃ´t de stockage,Non spÃ©cifiÃ©,"Magasins, Commerces et Locaux industriels","Sfax, 6 hours ago"
S+2 en vente,260000DT,Appartements,"Sousse, 6 hours ago"
"S+3 Ã  vendre, jamais Ã©tÃ© habitÃ©",235000DT,Appartements,"Mahdia, 7 hours ago"
Un Rez de Jardin usage bureautique Ã  Manar 2,1800DT,Maisons et Villas,"Tunis, 7 hours ago"
un appartement S1 Ã  la Soukra,1000DT,Appartements,"Ariana, 7 hours ago"
appartement S1 meublÃ©e lac 1,1500DT,Appartements,"Tunis, 7 hours ago"
Appartement S2 jardin de Carthage,1600DT,Appartements,"Tunis, 7 hours ago"
appartement S+3 les jardins de Carthage,650000DT,Appartements,"Tunis, 7 hours ago"
appartement S3 meublÃ© lac 1,2500DT,Appartements,"Tunis, 7 hours ago"
appartement S3 au berges du lac 2,3000DT,Appartements,"Tunis, 7 hours ago"
VILLA A VENDRE MSAKEN NEUF HAUTE STANDING LUXE,Non spÃ©cifiÃ©,Maisons et Villas,"Sousse, 7 hours ago"
cabinet mÃ©dical a vendre,190000DT,Bureaux et Plateaux,"Ben Arous, 7 hours ago"
"Appartement climatisÃ©, neuf haut standing, avec vue sur mer (50m) Ã  Salakta",200DT,Locations de vacances,"Mahdia, 7 hours ago"
studio meublÃ© Ã  la marsa,950DT,Locations de vacances,"Tunis, 7 hours ago"
APPARTEMENT neuf ClimatisÃ© A 50M DE LA MER Ã  Salakta,200DT,Locations de vacances,"Mahdia, 7 hours ago"
S+2 en vente,185000DT,Appartements,"Mahdia, 7 hours ago"
A louer un S+2 meublÃ© - CitÃ© Olympique Jawhara Sousse,600DT,Appartements,"Sousse, 7 hours ago"
appartement S3 a mourouj 5,Non spÃ©cifiÃ©,Appartements,"Ben Arous, 7 hours ago"
Villa individuelle en vente,1400000DT,Maisons et Villas,"Sousse, 7 hours ago"
S+2 en vente,375000DT,Appartements,"Sousse, 7 hours ago"
Appartement S+1 en vente,225000DT,Appartements,"Sousse, 7 hours ago"
S+2 en location,1500DT,Appartements,"Sousse, 7 hours ago"
S+1 en vente,248000DT,Appartements,"Sousse, 7 hours ago"
ğŸ“RIADH EL ANDALOUS : APPARTEMENT S+2 A LOUER,1350DT,Appartements,"Ariana, 7 hours ago"
S+1 en location,1700DT,Appartements,"Sousse, 7 hours ago"
S+2 en vente,410000DT,Appartements,"Sousse, 7 hours ago"
Duplex S+3 en vente,350000DT,Appartements,"Sousse, 7 hours ago"
S+2 en location,1700DT,Appartements,"Sousse, 7 hours ago"
S+3 en location,950DT,Appartements,"Sousse, 7 hours ago"
S+2 en location,1200DT,Appartements,"Sousse, 7 hours ago"
Villa Individuelle En Location,2500DT,Maisons et Villas,"Sousse, 7 hours ago"
S+2 En Vente,275000DT,Appartements,"Sousse, 7 hours ago"
Rez-de-chaussÃ©e de villa S+4 en location,950DT,Maisons et Villas,"Sousse, 7 hours ago"
S+2 en location,1000DT,Appartements,"Sousse, 7 hours ago"
Depot location sekiet ezzit,Non spÃ©cifiÃ©,"Magasins, Commerces et Locaux industriels","Sfax, 7 hours ago"
studio meublÃ© par nuitÃ©e Ã  la marsa,90DT,Locations de vacances,"Tunis, 7 hours ago"
appartement s2 meublÃ© par nuitÃ©e Ã  el wahat l'aouina,90DT,Locations de vacances,"Tunis, 7 hours ago"
ğŸ“ JARDIN Dâ€™EL MENZAH 2 : APPARTEMENT S+1 Ã€ LOUER,800DT,Appartements,"Ariana, 7 hours ago"
Duplex a vendre Ã  Ennasr 1,Non spÃ©cifiÃ©,Appartements,"Ariana, 7 hours ago"
Un appartement en S+1 au rÃ©ez de chausse a Hammamet Centre,Non spÃ©cifiÃ©,Appartements,"Nabeul, 7 hours ago"
A vendre un Terrain Ã  Carthage 400m2 cÃ´tÃ© cimetiÃ¨re amÃ©ricain,600000DT,Terrains et Fermes,"Tunis, 7 hours ago"
appartement meublÃ© par nuitÃ©e Ã  el wahat l'aouina,80DT,Locations de vacances,"Tunis, 7 hours ago"
Apparemment s+3 Ã  louer Ã  ENNASR,1500DT,Appartements,"Ariana, 7 hours ago"
Location par jour,80DT,Locations de vacances,"Tunis, 7 hours ago"
ÙƒØ±Ø§Ø¡ Ù…Ù†Ø²Ù„ (s+2),320DT,Appartements,"Tunis, 7 hours ago"
A vendre Appartement S+1 haut standing,274982DT,Appartements,"Sousse, 7 hours ago"
appartement rdc s+2 a bellevue,650DT,Appartements,"Tunis, 7 hours ago"
Location S0 ain zaghouan nord jamais habitÃ©,1100DT,Appartements,"Tunis, 7 hours ago"
appartement lac 2 et a jardin de Carthage,130DT,Appartements,"Tunis, 7 hours ago"
"appartement s+2 
prix 170 dt la nuit avec 
minimum 3 nuits 

s+1. a 140 dt la nuitÃ©e",170DT,Appartements,"Tunis, 8 hours ago"
Appartement s+3 Ã  vendre Ã  Hammamet 22009305,340000DT,Appartements,"Nabeul, 8 hours ago"
un lot de terrain agricole,80000DT,Terrains et Fermes,"Sousse, 8 hours ago"
Local Ã  louer route principale,Non spÃ©cifiÃ©,"Magasins, Commerces et Locaux industriels","Ariana, 8 hours ago"
"Des Terrains 200mÂ², 400mÂ²  Ã  Hammamet 27246309",44000DT,Terrains et Fermes,"Nabeul, 8 hours ago"
Ù…Ù†Ø²Ù„ Ùˆ Ø³ØªÙŠØ¯Ùˆ Ùˆ Ù‚Ø·Ø¹Ø© Ø§Ø±Ø¶ Ø¬Ø¹ÙØ± 1 Ø·Ø±ÙŠÙ‚ Ø±ÙˆØ§Ø¯,750DT,Terrains et Fermes,"Ariana, 8 hours ago"
A VENDRE S+3 A AIN ZAGHOUEN,320000DT,Appartements,"Tunis, 8 hours ago"
Ã€ vendre : Appartement S+3 dans une rÃ©sidence (R+2) Ã  Sidi Mansour.,189000DT,Appartements,"Sfax, 8 hours ago"
DUPLEX EN S+4 A VENDRE A AIN ZAGHOUAN,520000DT,Maisons et Villas,"Tunis, 8 hours ago"
maison Ã  louer Ã  Hay rommana s 2,650DT,Maisons et Villas,"Tunis, 8 hours ago"
A VENDRE S+2 â€“ WAHAT â€“ TEL 56306032 â€“ FB.7607,312000DT,Appartements,"Tunis, 8 hours ago"
Vente de Terrain constructible au Bardo,Non spÃ©cifiÃ©,Terrains et Fermes,"Tunis, 8 hours ago"
Local Commercial  entre  Khezema et  Sahloul,395000DT,"Magasins, Commerces et Locaux industriels","Sousse, 8 hours ago"
"(S+2) Ã  Sousse, Avec  Place de  Parking",295000DT,Appartements,"Sousse, 8 hours ago"
PropriÃ©tÃ© sur deux niveaux  Ã  Corniche,430000DT,Maisons et Villas,"Sousse, 8 hours ago"
Terrain  PrÃ©s  Mall  Off  Sousse,60000DT,Terrains et Fermes,"Sousse, 8 hours ago"
(S+2) Ã  Bouhsina Directe Promoteur,283500DT,Appartements,"Sousse, 8 hours ago"
A Vendre un appartement s+1 Ã  yassmine Hammamet : 27246302,210000DT,Appartements,"Nabeul, 8 hours ago"
A Louer Appartement Ã  Usage Bureautique en Plein Centre Ville,1100DT,Bureaux et Plateaux,"Bizerte, 8 hours ago"
Appartement a vendre,190000DT,Appartements,"Mahdia, 8 hours ago"
S+1 neuf Jardins dâ€™El menzah2,900DT,Appartements,"Ariana, 8 hours ago"
A LOUER S+3 â€“ LA SOUKRA â€“ TEL 56306032 â€“ FB.7636,1000DT,Appartements,"Ariana, 8 hours ago"
A LOUER â€“ S+2 â€“ CITE EL WAHAT â€“ TEL 58258423 â€“ FB.7670,1300DT,Appartements,"Tunis, 8 hours ago"
A LOUER â€“ S+0 â€“ AIN ZAGHOUEN â€“ TEL 58258423 â€“ FB.7568,600DT,Appartements,"Tunis, 8 hours ago"
A VENDRE S+1 â€“ CHOTRANA 1- TEL 58258423 â€“ FB.7389,145000DT,Appartements,"Ariana, 8 hours ago"
villa Alain savary,880000DT,Maisons et Villas,"Tunis, 8 hours ago"
A LOUER â€“ S+2 â€“ JARDIN EL AOUINA â€“ TEL 58258423 â€“ FB.7665,1200DT,Appartements,"Tunis, 8 hours ago"
A LOUER â€“ S+1- CITE EL WAHAT â€“ TEL 58258423 â€“ FB.7480,950DT,Appartements,"Tunis, 8 hours ago"
A LOUER S+3 â€“ AOUINA â€“ TEL 58258423 â€“ FB.7021,1300DT,Appartements,"Tunis, 8 hours ago"
A VENDRE S+1 â€“ CITE EL WAHAT â€“ TEL 58258423 â€“ FB.7678,187000DT,Appartements,"Tunis, 8 hours ago"
Maison inachevÃ©e Ã   300 mÃ¨tres plage dar Allouch,210000DT,Maisons et Villas,"Nabeul, 8 hours ago"
A LOUER â€“ S+2 â€“ CITE EL WAHAT â€“ TEL 58258423 â€“ FB.7670,1300DT,Appartements,"Tunis, 8 hours ago"
A VENDRE S+2 â€“ WAHAT â€“ TEL 58258423 â€“ FB.7616,315000DT,Appartements,"Tunis, 8 hours ago"
A louer appartement S+2 au Bardo 2,780DT,Appartements,"Tunis, 8 hours ago"
A VENDRE S+2 â€“ WAHAT â€“ TEL 58258423 â€“ FB.7364,255000DT,Appartements,"Tunis, 8 hours ago"
A VENDRE S+1 â€“ LA SOUKRA -TEL 58258423 -FB.7501,238000DT,Appartements,"Ariana, 8 hours ago"
A VENDRE S+1 â€“ CITE EL WAHAT â€“ TEL 58258423 â€“ FB.7376,175000DT,Appartements,"Tunis, 8 hours ago"
Ã  louer un appartement s2 Ã  citÃ© Bhar Lazreg,1300DT,Appartements,"Tunis, 8 hours ago"
Villa individuelle en vente,1750000DT,Maisons et Villas,"Sousse, 8 hours ago"
Ã  Louer un Penthouse au Jardin De Carthage,5000DT,Appartements,"Tunis, 8 hours ago"
A louer  S1 meublÃ© par nuitÃ©e haut standing Ã  l'aouina citÃ© wahat,60DT,Appartements,"Tunis, 8 hours ago"
A LOUER â€“ S+2 â€“ LA NOUVELLE SOUKRA â€“ TEL 58258423 â€“ FB.7658,1300DT,Appartements,"Tunis, 8 hours ago"
Terrain dâ€™habitation 440 mÂ²  Ã  jinen el mansourah Kelibia,220000DT,Terrains et Fermes,"Nabeul, 8 hours ago"
Local commercial ou entreposage,750DT,"Magasins, Commerces et Locaux industriels","La Manouba, 8 hours ago"
VILLA INDIVIDUELLE EN VENTE,1750000DT,Maisons et Villas,"Sousse, 8 hours ago"
VILLE INDIVIDUELLE EN VENTE,1890000DT,Maisons et Villas,"Sousse, 8 hours ago"
A LOUER â€“ S+2 â€“LA NOUVELLE SOUKRA â€“ TEL 56306032 â€“ FB.7658,1300DT,Appartements,"Tunis, 8 hours ago"
S+2 VUE SUR MER EN LOCATION,1400DT,Appartements,"Sousse, 8 hours ago"
S+2 VUE PORT EN VENTE,580000DT,Appartements,"Sousse, 8 hours ago"
S+2 EN VENTE,520000DT,Appartements,"Sousse, 8 hours ago"
A VENDRE S+1 â€“ CHOTRANA 1 -TEL 56306032 â€“ FB.7619,225000DT,Appartements,"Ariana, 8 hours ago"
Villa individuelle en vente,1890000DT,Maisons et Villas,"Sousse, 8 hours ago"
S2 neuf pour la vente a chott mariem,238000DT,Appartements,"Sousse, 8 hours ago"
maison cotÃ¨ mer en vente,385000DT,Maisons et Villas,"Sousse, 8 hours ago"
A LOUER LAVAGE â€“ ARIANA â€“ TEL 56306032- FB.7648,1700DT,"Magasins, Commerces et Locaux industriels","Ariana, 8 hours ago"
A VENDRE S+2 â€“ WAHAT â€“ TEL 56306032 â€“ FB.7607,314998DT,Appartements,"Tunis, 8 hours ago"
A LOUER  â€“ S+1-  CITE EL WAHAT â€“ TEL 56306032 â€“ FB.7471,850DT,Appartements,"Tunis, 8 hours ago"
S+1 A VENDRE A AIN ZAGHOUAN,180000DT,Appartements,"Tunis, 8 hours ago"
STUDIO MEUBLE A EZZAHRA,500DT,Appartements,"Ben Arous, 8 hours ago"
A LOUER â€“ S+1- CITE EL WAHAT â€“ TEL 56306032 â€“ FB.7480,950DT,Appartements,"Tunis, 8 hours ago"
Une jolie villa Ã  Manar 2,1600000DT,Maisons et Villas,"Tunis, 8 hours ago"
A VENDRE â€“ S+1 â€“ CITE EL WAHAT â€“ TEL  56306032 â€“ FB.7136,175000DT,Appartements,"Tunis, 8 hours ago"
REZ DE CHAUSSEE S3 MEUBLE A EZZAHRA,120DT,Appartements,"Ben Arous, 8 hours ago"
APPART S2 MEUBLE A EZZAHRA,90DT,Appartements,"Ben Arous, 8 hours ago"
S+1 EN VENTE,350000DT,Appartements,"Sousse, 8 hours ago"
A LOUER â€“ S+0 â€“ AIN ZAGHOUEN â€“ TEL56306032 â€“ FB.7568,550DT,Bureaux et Plateaux,"Tunis, 8 hours ago"
APPART S+2 A EZZHARA,700DT,Appartements,"Ben Arous, 8 hours ago"
LOCAL 40M2 A EZZAHRA,1600DT,"Magasins, Commerces et Locaux industriels","Ben Arous, 8 hours ago"
A VENDRE S+1 â€“ CHOTRANA 1 -TEL 56306032 â€“ FB.7620,145000DT,Appartements,"Ariana, 8 hours ago"
a vendre s+2 haut standing a ain Zaghouan,330000DT,Appartements,"Tunis, 8 hours ago"
A VENDRE S+2 â€“ CITE WAHAT â€“ TEL 56306032 â€“ FB.7671,250000DT,Appartements,"Tunis, 8 hours ago"
Ñ„Ñ„ a vendre s+2 direct promoteur remise de clÃ© immÃ©diate reste 5 appartement prix raisonnable,247000DT,Appartements,"Tunis, 8 hours ago"
OPEN SPACE 140M2 A EZZAHRA,1800DT,"Magasins, Commerces et Locaux industriels","Ben Arous, 8 hours ago"
A LOUER  â€“ S+1-  CITE EL WAHAT â€“ TEL 56306032 â€“ FB.7471,850DT,Appartements,"Tunis, 8 hours ago"
STUDIO S1 MEUBLE A EZZAHRA,80DT,Appartements,"Ben Arous, 8 hours ago"
A vendre des appartements direct promoteur haut standing a la nouvelle soukra,Non spÃ©cifiÃ©,Appartements,"Tunis, 8 hours ago"
A LOUER â€“ S+1- CITE EL WAHAT â€“ TEL 56306032 â€“ FB.7480,950DT,Appartements,"Tunis, 8 hours ago"
a vendre s1 s2 a la nouvelle soukra,Non spÃ©cifiÃ©,Appartements,"Tunis, 8 hours ago"
a vendre s+3 a laouina,320000DT,Appartements,"Tunis, 8 hours ago"
A LOUER S+3 â€“ AOUINA â€“ TEL 56306032 â€“ FB.7021,1300DT,Appartements,"Tunis, 8 hours ago"
Ã€ VENDRE appartement S+2 a la nouvelle soukra,Non spÃ©cifiÃ©,Appartements,"Ariana, 8 hours ago"
a vendre un appartement s3 a l'aouina citÃ© wahat,285000DT,Appartements,"Tunis, 8 hours ago"
a vendre un appartement s4 al'aouina citÃ© wahat avec place parking sous-sol,395000DT,Appartements,"Tunis, 8 hours ago"
a vendre un appartement s2 jamais habitÃ© a la nouvelle soukra avec place parking sous-sol,340000DT,Appartements,"Tunis, 8 hours ago"
A louer  un studio  Ã   skanes  Palmier  monastir,450DT,Appartements,"Monastir, 8 hours ago"
A VENDRE VILLA  â€“  LA SOUKRA â€“ TEL 56306032  â€“ FB.6715,950000DT,Maisons et Villas,"Ariana, 8 hours ago"
a louer un appartement s1  citÃ© wahat,900DT,Appartements,"Tunis, 8 hours ago"
a louer s4 a cite wahat avec place parking ss,1499DT,Appartements,"Tunis, 8 hours ago"
A LOUER â€“ S+1 â€“ WAHAT â€“ TEL 56306032â€“ FB.7635,950DT,Appartements,"Tunis, 8 hours ago"
a louer un appartement s1au rdc  aux jardin de l'aouina,900DT,Appartements,"Tunis, 8 hours ago"
A VENDRE S+2 â€“ BOURJ LOUZIR â€“ TEL 56306032â€“ FB.5414,105000DT,Appartements,"Ariana, 8 hours ago"
a vendre des appartements s+1 s+2 direct promoteur remise de cle 2025,288000DT,Appartements,"Tunis, 8 hours ago"
a vendre s+1 direct promoteur remise de cle 3 semestre 2025,196000DT,Appartements,"Tunis, 8 hours ago"
A LOUER S+3 â€“ LA SOUKRA â€“ TEL 56306032â€“ FB.7646,1300DT,Appartements,"Ariana, 8 hours ago"
A vendre un spacieux appartement s1 a lâ€™aouina citÃ© wahat,Non spÃ©cifiÃ©,Appartements,"Tunis, 8 hours ago"
A vendre de appartements trÃ¨s haut standing aux jardins de carthage,Non spÃ©cifiÃ©,Appartements,"Tunis, 8 hours ago"
A vendre un appartement s1 a lâ€™aouina citÃ© wahat,210000DT,Appartements,"Tunis, 8 hours ago"
Ã€ louer un joli appartement s1 meublÃ© Ã  chotrana3,1700DT,Appartements,"Ariana, 8 hours ago"
a louer un appartement s4 a l'aouina citÃ© wahat avec place parking sous-sol et cellier,1700DT,Appartements,"Tunis, 8 hours ago"
a vendre s+2 a laouina bien orientÃ©,225000DT,Appartements,"Tunis, 8 hours ago"
a vendre s+2 s+3 direct promoteur remise de cle 4 semestre 2025,Non spÃ©cifiÃ©,Appartements,"Tunis, 8 hours ago"
A vendre des appartements trÃ¨s haut standing a la nouvelle soukra direct promoteur,Non spÃ©cifiÃ©,Appartements,"Tunis, 8 hours ago"
a vendre un appartement s1 direct promoteur a l'aouina citÃ© wahat remise de cle juin 2025,175000DT,Appartements,"Tunis, 8 hours ago"
a louer un local commercial a l'aouina citÃ© wahat,2500DT,"Magasins, Commerces et Locaux industriels","Tunis, 8 hours ago"
a vendre s2 a ain Zaghouan avec abri voiture,330000DT,Appartements,"Tunis, 8 hours ago"
Vente terrain Kalaa Kbira,Non spÃ©cifiÃ©,Terrains et Fermes,"Sousse, 8 hours ago"
A vendre un appartement en S+3 Ã  Manar 1,215000DT,Appartements,"Tunis, 8 hours ago"
Ã€ vendre une maison S+2  Ã  KELIBIA 27246313,125000DT,Appartements,"Nabeul, 8 hours ago"
S+1 Jamais HabitÃ© en location,1600DT,Appartements,"Tunis, 8 hours ago"
Studios Ã  louer par jour et semaines,70DT,Locations de vacances,"Sousse, 8 hours ago"
a vendre s+3 avec parking ss a laouina,295000DT,Appartements,"Tunis, 8 hours ago"
a vendre un magnifique appartement s3 a l'aouina citÃ© wahat,360000DT,Appartements,"Tunis, 8 hours ago"
a vendre s+1 s+2 direct promoteur remise de cle 3 semestre 2026 nouvelle soukra,215000DT,Appartements,"Tunis, 8 hours ago"
Ã  louer S+2 haut standing avec place parking Ã  nouvelle soukra,1300DT,Appartements,"Tunis, 8 hours ago"
A VENDRE,232000DT,Terrains et Fermes,"Ben Arous, 8 hours ago"
a vendre une villa S+3 avec piscine a la soukra,960000DT,Maisons et Villas,"Ariana, 8 hours ago"
a vendre s+1 s+2 s+3 direct promoteur remise de cle 3 semestre 2025,360000DT,Appartements,"Tunis, 8 hours ago"
A vendre un appartement en S+2 Ã  Ennasr 2,205000DT,Appartements,"Ariana, 8 hours ago"
A louer open space de 200mÂ²,6000DT,Bureaux et Plateaux,"Tunis, 8 hours ago"
A vendre appartement S+2 Ã  la Soukra,265000DT,Appartements,"Ariana, 9 hours ago"
Local de 36 mÂ² (Av. Hbib Bourghiba- ARIANA),1200DT,"Magasins, Commerces et Locaux industriels","Ariana, 9 hours ago"
rez-de-chaussÃ©e S2 Ã  Nouvelle Medina,550DT,Maisons et Villas,"Ben Arous, 9 hours ago"
A louer un local Ã  Manar 2,1200DT,Bureaux et Plateaux,"Tunis, 9 hours ago"
Ã€ Louer un appartement en S+1 richement meublÃ© Ã  Notre Dame,1500DT,Maisons et Villas,"Tunis, 9 hours ago"
A vendre 18 Hectars  Oliviers et Grenades  Ã  Zaghwen,2000000DT,Terrains et Fermes,"Zaghouan, 9 hours ago"
Ã€ VENDRE : Villa de charme Ã  Manar 3,1800000DT,Maisons et Villas,"Tunis, 9 hours ago"
APPARTEMENT EN S3 DE 150MÂ² AUX JARDINS DEL MENZAH 2,430000DT,Appartements,"Ariana, 9 hours ago"
APPARTEMENT S+3 SPACIEUX Ã€ CHOTRANA 1,494997DT,Appartements,"Ariana, 9 hours ago"
APPART S+2 A BELAIR BOUMHAL,750DT,Appartements,"Ben Arous, 9 hours ago"
STUDIO S+1 A BASSATINE,400DT,Appartements,"Ben Arous, 9 hours ago"
Villa 3S+5 Ã  vendre Ã  Ghammarth 22009305,Non spÃ©cifiÃ©,Maisons et Villas,"Tunis, 9 hours ago"
"A vendre appartement S+2, situÃ© au premier Ã©tage .",180000DT,Appartements,"Monastir, 9 hours ago"
OPPORTUNITÃ‰ S+1 Ã€ CHOTRANA 1,150000DT,Appartements,"Ariana, 9 hours ago"
Ã  louer appartements court sÃ©jour,79DT,Appartements,"Tunis, 9 hours ago"
APPART S1 MEUBLE A BOUMHAL,120DT,Appartements,"Ben Arous, 9 hours ago"
RÃ‰SIDENCE EN COURS Ã€ CHOTRANA SOUKRA,239999DT,Appartements,"Ariana, 9 hours ago"
Terrain 700 mÂ² Ã  Chotrana 1,700000DT,Terrains et Fermes,"Ariana, 9 hours ago"
A louer appartement S+2 Ã  Ain Zaghouan Nord,1700DT,Appartements,"Ariana, 9 hours ago"
ğŸŒŸ Villa 2S+3 Ã  Vendre Ã  Raoued - 325mÂ² avec Vue Mer Panoramique ğŸŒŠğŸŒ,Non spÃ©cifiÃ©,Maisons et Villas,"Ariana, 9 hours ago"
STUDIO A BELAIR BOUMHAL,400DT,Appartements,"Ben Arous, 9 hours ago"
A louer S+1 Neuf Ã  Soukra,1100DT,Appartements,"Ariana, 9 hours ago"
APPART S+1 NEUF A BOUMHAL,1100DT,Appartements,"Ben Arous, 9 hours ago"
APPART S1 MEUBLE A BOUMHAL,1200DT,Appartements,"Ben Arous, 9 hours ago"
LOCAL 30M2 A BOUMHAL,1000DT,"Magasins, Commerces et Locaux industriels","Ben Arous, 9 hours ago"
Ã‰tage de villa Ã  Vendre,559998DT,Maisons et Villas,"Tunis, 9 hours ago"
Ù…Ù†Ø²Ù„ Ù„Ù„Ø¨ÙŠØ¹ Ø¨Ø³Ù„ÙŠÙ…Ø§Ù†,Non spÃ©cifiÃ©,Maisons et Villas,"Nabeul, 9 hours ago"
Ù…Ù†Ø²Ù„ Ù„Ù„ÙƒØ±Ø§Ø¡ ÙÙŠ ØªÙˆÙ†Ø³,360DT,Maisons et Villas,"Tunis, 9 hours ago"
Ù…Ù†Ø²Ù„ Ø¬Ø¯ÙŠØ¯ -Ø§Ù„Ù…Ù†ÙŠÙ‡Ù„Ø©,148000000DT,Maisons et Villas,"Ariana, 9 hours ago"
